Agent,wins,losses,draws,win_rate,avg_moves,avg_time,total_games,draw_rate
Default Agent,319.0,259.0,22.0,0.5316666666666666,0.0,0.0,600.0,0.03666666666666667
Minimax without Alpha-Beta,301.0,298.0,1.0,0.5016666666666667,0.0,0.0,600.0,0.0016666666666666668
Minimax with Alpha-Beta,299.0,300.0,1.0,0.49833333333333335,0.0,0.0,600.0,0.0016666666666666668
Q-Learning Agent,258.0,320.0,22.0,0.43,0.0,0.0,600.0,0.03666666666666667
